[
    {
        "model": "mainapp.productcategory",
        "pk": 1,
        "fields": {
            "name": "дом",
            "description": "отличная мебель для домашнего интерьера."
        }
    },
    {
        "model": "mainapp.productcategory",
        "pk": 2,
        "fields": {
            "name": "офис",
            "description": "стильная и надежная офисная мебель нового поколения."
        }
    },
    {
        "model": "mainapp.productcategory",
        "pk": 3,
        "fields": {
            "name": "модерн",
            "description": "мебель в стиле МОДЕРН подойдет для любого интерьера."
        }
    },
    {
        "model": "mainapp.productcategory",
        "pk": 4,
        "fields": {
            "name": "классика",
            "description": "классический стиль актуален в любые времена."
        }
    }
]