[
    {
        "model": "mainapp.contact",
        "pk": 1,
        "fields": {
            "phone": "+7-888-888-8888",
            "email": "info@geekshop.ru",
            "city": "Москва",
            "address": "В пределах МКАД"
        }
    },
    {
        "model": "mainapp.contact",
        "pk": 2,
        "fields": {
            "phone": "+7-777-777-7777",
            "email": "info_yekaterinburg@geekshop.ru",
            "city": "Екатеринбург",
            "address": "Близко к центру"
        }
    },
    {
        "model": "mainapp.contact",
        "pk": 3,
        "fields": {
            "phone": "+7-999-999-9999",
            "email": "info_vladivostok@geekshop.ru",
            "city": "Владивосток",
            "address": "Близко к океану"
        }
    }
]